name,phone,Mon,Tue,Wed,Thu,Fri,Sat,Sun
Amara Okafor,555-0101,x,,x,,x,,
Bella Nguyen,555-0102,,x,,x,,,
Chloe Martin,555-0103,x,x,,x,,x,
Daniela Ruiz,555-0104,,,x,,,,x
Emily Chen,555-0105,x,,,x,,x,
Grace Park,555-0106,,x,,,x,,x
Hana Sato,555-0107,x,,x,,x,,x
Isabel Costa,555-0108,,x,,,,x,
Jasmine Patel,555-0109,,,x,x,x,,
Lucas Moreau,555-0110,x,,,,,x,
Mei Lin Wong,555-0111,,x,x,,,,x
Noah Kim,555-0112,,,,x,x,x,x
Priya Shah,555-0113,x,x,,,,,
Sofia Rossi,555-0114,,,x,,x,x,
Zoe Adams,555-0115,,,,x,,,x
