Student,Shift day,Role
Adam,Monday,Pots & Pans
Adam,Tuesday,Pots & Pans
Adam,Thursday,Recycling
Adrian,Monday,Recycling
Adrian,Wednesday,Shift Leader
Adrian,Friday,Pots & Pans
Amelia,Monday,Pots & Pans
Amelia,Wednesday,Lunch Monitor
Amelia,Thursday,Buckets & Composting
Aryashree,Monday,Buckets & Composting
Aryashree,Tuesday,Pots & Pans
Aryashree,Thursday,Pots & Pans
Ben Kong,Tuesday,Recycling
Ben Kong,Wednesday,Recycling
Ben Kong,Friday,Recycling
Beth,Wednesday,Pots & Pans
Beth,Thursday,Pots & Pans
Huiyi,Monday,Pots & Pans
Huiyi,Thursday,Pots & Pans
Irina,Tuesday,Pots & Pans
Irina,Wednesday,Buckets & Composting
Ivwananji,Monday,Shift Leader
Ivwananji,Friday,Pots & Pans
Lavanya,Thursday,Shift Leader
Lavanya,Friday,Pots & Pans
Nita,Monday,Pots & Pans
Nita,Tuesday,Buckets & Composting
Priya,Wednesday,Pots & Pans
Priya,Friday,Shift Leader
Roxanne,Wednesday,Pots & Pans
Roxanne,Friday,Buckets & Composting
Shuxing,Monday,Lunch Monitor
Shuxing,Thursday,Lunch Monitor
Thanh,Tuesday,Lunch Monitor
Thanh,Friday,Lunch Monitor
Tsering,Tuesday,Shift Leader
Tsering,Friday,Pots & Pans
Vayu,Monday,Recycling
Vayu,Tuesday,Pots & Pans
Vayu,Wednesday,Pots & Pans
Vayu,Thursday,Pots & Pans
