Student,Gender,Shift day,Role,# who can cover,Can be asked to cover (fewest shifts first)
Adam,M,Monday,Pots & Pans,8,"Adrian, Beth, Irina, Lavanya, Priya, Roxanne, Tsering, Vayu"
Adam,M,Tuesday,Pots & Pans,8,"Adrian, Amelia, Beth, Huiyi, Ivwananji, Lavanya, Priya, Roxanne"
Adrian,M,Wednesday,Shift Leader,8,"Adam, Amelia, Huiyi, Ivwananji, Lavanya, Nita, Tsering, Aryashree"
Adrian,M,Friday,Pots & Pans,8,"Adam, Amelia, Beth, Huiyi, Irina, Nita, Aryashree, Vayu"
Amelia,F,Monday,Pots & Pans,8,"Adrian, Beth, Irina, Lavanya, Priya, Roxanne, Tsering, Vayu"
Amelia,F,Thursday,Buckets & Composting,6,"Irina, Ivwananji, Nita, Priya, Roxanne, Tsering"
Aryashree,F,Monday,Buckets & Composting,6,"Beth, Irina, Lavanya, Priya, Roxanne, Tsering"
Aryashree,F,Tuesday,Pots & Pans,8,"Adrian, Amelia, Beth, Huiyi, Ivwananji, Lavanya, Priya, Roxanne"
Aryashree,F,Thursday,Pots & Pans,8,"Adam, Adrian, Irina, Ivwananji, Nita, Priya, Roxanne, Tsering"
Beth,F,Wednesday,Pots & Pans,8,"Adam, Amelia, Huiyi, Ivwananji, Lavanya, Nita, Tsering, Aryashree"
Beth,F,Thursday,Pots & Pans,8,"Adam, Adrian, Irina, Ivwananji, Nita, Priya, Roxanne, Tsering"
Huiyi,F,Monday,Pots & Pans,8,"Adrian, Beth, Irina, Lavanya, Priya, Roxanne, Tsering, Vayu"
Huiyi,F,Thursday,Pots & Pans,8,"Adam, Adrian, Irina, Ivwananji, Nita, Priya, Roxanne, Tsering"
Irina,F,Tuesday,Pots & Pans,8,"Adrian, Amelia, Beth, Huiyi, Ivwananji, Lavanya, Priya, Roxanne"
Irina,F,Wednesday,Buckets & Composting,7,"Amelia, Huiyi, Ivwananji, Lavanya, Nita, Tsering, Aryashree"
Ivwananji,F,Monday,Shift Leader,8,"Adrian, Beth, Irina, Lavanya, Priya, Roxanne, Tsering, Vayu"
Ivwananji,F,Friday,Pots & Pans,8,"Adam, Amelia, Beth, Huiyi, Irina, Nita, Aryashree, Vayu"
Lavanya,F,Thursday,Shift Leader,8,"Adam, Adrian, Irina, Ivwananji, Nita, Priya, Roxanne, Tsering"
Lavanya,F,Friday,Pots & Pans,8,"Adam, Amelia, Beth, Huiyi, Irina, Nita, Aryashree, Vayu"
Nita,F,Monday,Pots & Pans,8,"Adrian, Beth, Irina, Lavanya, Priya, Roxanne, Tsering, Vayu"
Nita,F,Tuesday,Buckets & Composting,7,"Amelia, Beth, Huiyi, Ivwananji, Lavanya, Priya, Roxanne"
Priya,F,Wednesday,Pots & Pans,8,"Adam, Amelia, Huiyi, Ivwananji, Lavanya, Nita, Tsering, Aryashree"
Priya,F,Friday,Shift Leader,8,"Adam, Amelia, Beth, Huiyi, Irina, Nita, Aryashree, Vayu"
Roxanne,F,Wednesday,Pots & Pans,8,"Adam, Amelia, Huiyi, Ivwananji, Lavanya, Nita, Tsering, Aryashree"
Roxanne,F,Friday,Buckets & Composting,6,"Amelia, Beth, Huiyi, Irina, Nita, Aryashree"
Tsering,F,Tuesday,Shift Leader,8,"Adrian, Amelia, Beth, Huiyi, Ivwananji, Lavanya, Priya, Roxanne"
Tsering,F,Friday,Pots & Pans,8,"Adam, Amelia, Beth, Huiyi, Irina, Nita, Aryashree, Vayu"
Vayu,M,Tuesday,Pots & Pans,8,"Adrian, Amelia, Beth, Huiyi, Ivwananji, Lavanya, Priya, Roxanne"
Vayu,M,Wednesday,Pots & Pans,8,"Adam, Amelia, Huiyi, Ivwananji, Lavanya, Nita, Tsering, Aryashree"
Vayu,M,Thursday,Pots & Pans,8,"Adam, Adrian, Irina, Ivwananji, Nita, Priya, Roxanne, Tsering"
